{
  "numerical": {
    "age": {
      "min": 29.0,
      "max": 77.0,
      "mean": 54.43414634146342,
      "median": 56.0,
      "std": 9.072290233244278
    },
    "trestbps": {
      "min": 94.0,
      "max": 200.0,
      "mean": 131.61170731707318,
      "median": 130.0,
      "std": 17.516718005376408
    },
    "chol": {
      "min": 126.0,
      "max": 564.0,
      "mean": 246.0,
      "median": 240.0,
      "std": 51.59251020618206
    },
    "thalach": {
      "min": 71.0,
      "max": 202.0,
      "mean": 149.11414634146342,
      "median": 152.0,
      "std": 23.005723745977207
    },
    "oldpeak": {
      "min": 0.0,
      "max": 6.2,
      "mean": 1.0715121951219515,
      "median": 0.8,
      "std": 1.175053255150176
    }
  },
  "categorical": {}
}